yamanashi2018IW1_1_201912242137,9.59785817802516e-05
yamanashi2018IW1_2_201912242137,9.27928932457839e-05
yamanashi2018IW1_3_201912242137,8.685519164700342e-05
yamanashi2018IW1_4_201912242137,1.6112977644710614e-06
yamanashi2018IW1_5_201912242137,1.1507479744001208e-05
yamanashi2018IW1_6_201912242137,1.0113851977203931e-05
yamanashi2018IW1_7_201912242137,3.4163539348338145e-05
yamanashi2018IW1_8_201912242137,1.4157705948671272e-05
yamanashi2018IW1_9_201912242137,1.4157705948671272e-05
yamanashi2018IW1_10_201912242137,4.098443769297397e-05
yamanashi2018IW1_11_201912242137,4.848610142909859e-05
hokkaido2016IW2_0_201912242137,4.629592849274816e-06
hokkaido2016IW2_1_201912242137,4.629592849274816e-06
hokkaido2016IW2_2_201912242137,0.0
hokkaido2016IW2_3_201912242137,5.5190161933746514e-05
hokkaido2016IW2_4_201912242137,0.0
hokkaido2016IW2_5_201912242137,0.00018169653324352238
hokkaido2016IW2_6_201912242137,0.00010499841390654371
hokkaido2016IW2_7_201912242137,0.0
hokkaido2016IW2_8_201912242137,0.0001815636276683654
hokkaido2016IW2_9_201912242137,0.0001815636276683654
hokkaido2016IW2_10_201912242137,9.105029484581342e-05
hokkaido2016IW2_11_201912242137,9.105029484581342e-05
hokkaido2016IW2_12_201912242137,9.091738927065641e-05
hokkaido2016IW2_13_201912242137,0.0
hokkaido2016IW2_14_201912242137,0.0003875826139487214
hokkaido2016IW2_15_201912242137,0.0006290775065153632
hokkaido2016IW2_16_201912242137,0.0006290775065153632
hokkaido2016IW2_18_201912242137,0.0006090749112571
hokkaido2016IW2_20_201912242137,0.0
hokkaido2016IW2_21_201912242137,0.0
hokkaido2017IW2_0_201912242137,0.0
hokkaido2017IW2_1_201912242137,0.0
hokkaido2017IW2_2_201912242137,0.0
hokkaido2017IW2_3_201912242137,0.0
hokkaido2017IW2_4_201912242137,0.0
hokkaido2017IW2_5_201912242137,0.0
hokkaido2017IW2_6_201912242137,9.29225239828564e-06
hokkaido2017IW2_7_201912242137,0.0
hokkaido2017IW2_8_201912242137,0.0
hokkaido2017IW2_9_201912242137,0.0
hokkaido2017IW2_10_201912242137,9.29225239828564e-06
hokkaido2017IW2_11_201912242137,9.29225239828564e-06
hokkaido2017IW2_12_201912242137,9.29225239828564e-06
hokkaido2017IW2_13_201912242137,0.0
hokkaido2017IW2_14_201912242137,0.0
hokkaido2017IW2_15_201912242137,0.0
hokkaido2017IW2_16_201912242137,0.0
hokkaido2017IW2_18_201912242137,0.0
hokkaido2017IW2_20_201912242137,0.00016430785812072323
hokkaido2017IW2_21_201912242137,1.8405077856085776e-05
mie2016IW1_0_201912242137,0.0
mie2016IW1_1_201912242137,0.00024080029913335909
mie2016IW1_2_201912242137,0.00024080029913335906
mie2016IW1_3_201912242137,0.00024080029913335909
mie2016IW1_4_201912242137,0.00028480430604963
mie2016IW1_5_201912242137,0.00028480430604963
mie2016IW1_6_201912242137,0.00018675780525183983
mie2016IW1_7_201912242137,0.00018675780525183983
mie2016IW1_8_201912242137,6.054620034829706e-05
mie2016IW1_9_201912242137,1.704867855691132e-05
mie2016IW1_10_201912242137,3.234680937827785e-05
mie2016IW1_11_201912242137,2.139859300327205e-05
mie2016IW1_12_201912242137,5.339361791169907e-05
mie2016IW1_13_201912242137,4.755972300353877e-05
mie2016IW1_14_201912242137,8.022681849095657e-05
mie2016IW1_15_201912242137,7.54707143414949e-05
mie2016IW1_16_201912242137,4.3266695004167175e-05
mie2016IW1_17_201912242137,4.3266695004167175e-05
mie2016IW1_18_201912242137,8.687320202026138e-05
mie2016IW1_19_201912242137,8.681692437519309e-05
mie2016IW1_20_201912242137,8.681692437519309e-05
mie2016IW1_21_201912242137,8.681692437519309e-05
mie2016IW1_22_201912242137,6.974807847519079e-05
mie2016IW1_23_201912242137,8.227651021467054e-05
mie2016IW1_24_201912242137,7.166589797557301e-05
mie2016IW1_25_201912242137,3.6513725894173974e-05
mie2016IW1_26_201912242137,3.6513725894173974e-05
mie2016IW1_27_201912242137,1.2804111828132913e-05
mie2016IW1_28_201912242137,0.00012880594743701655
mie2016IW1_29_201912242137,0.00012880594743701655
mie2016IW1_30_201912242137,0.00012880594743701655
mie2016IW1_31_201912242137,0.00012688812793663435
mie2017IW1_0_201912242137,0.0
mie2017IW1_1_201912242137,2.9380098700924315e-05
mie2017IW1_2_201912242137,2.9380098700924315e-05
mie2017IW1_3_201912242137,2.9380098700924315e-05
mie2017IW1_4_201912242137,9.065115529064578e-05
mie2017IW1_5_201912242137,9.065115529064578e-05
mie2017IW1_6_201912242137,8.171531502428395e-05
mie2017IW1_7_201912242137,8.171531502428393e-05
mie2017IW1_8_201912242137,0.00016489711713274546
mie2017IW1_9_201912242137,0.00010387425206305042
mie2017IW1_10_201912242137,0.00010387425206305042
mie2017IW1_11_201912242137,9.02657969680025e-05
mie2017IW1_12_201912242137,0.00022998522402893049
mie2017IW1_13_201912242137,0.00014496809811259776
mie2017IW1_14_201912242137,2.7565926863219216e-05
mie2017IW1_15_201912242137,0.0003303285362261856
mie2017IW1_16_201912242137,0.00024046371670225685
mie2017IW1_17_201912242137,0.00024046371670225685
mie2017IW1_18_201912242137,0.0004589797058892991
mie2017IW1_19_201912242137,0.00045897970588929904
mie2017IW1_20_201912242137,0.00045897970588929904
mie2017IW1_21_201912242137,0.00045897970588929904
mie2017IW1_22_201912242137,0.0003232236713149074
mie2017IW1_23_201912242137,0.00036584074728642754
mie2017IW1_24_201912242137,0.0003430135893441669
mie2017IW1_25_201912242137,0.0001516743185800726
mie2017IW1_26_201912242137,0.0001516743185800726
mie2017IW1_27_201912242137,7.557693748216591e-05
mie2017IW1_28_201912242137,3.137467894268052e-05
mie2017IW1_29_201912242137,3.137467894268052e-05
mie2017IW1_30_201912242137,3.137467894268052e-05
mie2017IW1_31_201912242137,1.1584760913420959e-05
yamagata2017IW1_0_201912242137,9.00758166914534e-05
yamagata2017IW1_1_201912242137,9.00758166914534e-05
yamagata2017IW1_2_201912242137,3.349613172469432e-05
yamagata2017IW1_3_201912242137,3.349613172469432e-05
yamagata2017IW1_4_201912242137,3.39508044817194e-05
yamagata2017IW1_5_201912242137,3.39508044817194e-05
ibaraki2016IW2_0_201912242137,8.270326148849951e-05
ibaraki2016IW2_1_201912242137,8.270326148849951e-05
ibaraki2016IW2_2_201912242137,0.00027714686053035637
ibaraki2016IW2_3_201912242137,0.00027894104322340353
ibaraki2016IW2_4_201912242137,0.0002604597009747922
ibaraki2016IW2_5_201912242137,0.0002604597009747922
ibaraki2016IW2_6_201912242137,0.00027328323433136646
ibaraki2016IW2_7_201912242137,0.00026202804138353145
ibaraki2016IW2_8_201912242137,0.0002604597009747922
ibaraki2016IW2_9_201912242137,0.00012453402437617695
ibaraki2016IW2_10_201912242137,7.882597127462332e-05
ibaraki2016IW2_11_201912242137,0.0001183937397087715
ibaraki2016IW2_12_201912242137,0.00011325394081205866
ibaraki2016IW2_13_201912242137,0.000147057312455996
ibaraki2016IW2_14_201912242137,0.00010775972302994083
ibaraki2016IW2_15_201912242137,0.0003912779391616241
ibaraki2016IW2_16_201912242137,0.00011164009206313039
ibaraki2016IW2_17_201912242137,0.0003912779391616241
ibaraki2016IW2_18_201912242137,0.0005789158623891105
ibaraki2016IW2_19_201912242137,0.0006657273915883852
ibaraki2016IW2_20_201912242137,0.0005877092926623209
ibaraki2016IW2_21_201912242137,5.978202088627225e-05
ibaraki2016IW2_22_201912242137,0.0006657273915883852
ibaraki2016IW2_23_201912242137,0.0010216089453943871
ibaraki2016IW2_24_201912242137,0.001253815904415248
ibaraki2016IW2_25_201912242137,0.0014819716491630257
ibaraki2016IW2_26_201912242137,0.0012634146912317492
ibaraki2016IW2_27_201912242137,0.0018028716125400167
ibaraki2016IW2_28_201912242137,0.003024034216594803
ibaraki2016IW2_29_201912242137,0.0030323362421768186
ibaraki2016IW2_30_201912242137,0.0033966842111213423
ibaraki2016IW2_31_201912242137,0.004131560061316855
ibaraki2016IW2_32_201912242137,0.004131560061316855
ibaraki2016IW2_33_201912242137,0.0037114839874333528
ibaraki2016IW2_34_201912242137,0.00022543853286027474
ibaraki2016IW2_35_201912242137,0.00022531500793173314
ibaraki2016IW2_36_201912242137,0.004384462220650978
ibaraki2016IW2_37_201912242137,0.00011853415564315158
ibaraki2016IW2_38_201912242137,0.00022531500793173314
ibaraki2016IW2_39_201912242137,0.0002350494262141861
ibaraki2016IW2_40_201912242137,0.0011756362017843935
ibaraki2016IW2_41_201912242137,0.00021933390282347472
ibaraki2016IW2_42_201912242137,0.00011853415564315158
ibaraki2016IW2_43_201912242137,0.0017466572099791734
ibaraki2016IW2_44_201912242137,0.00012351662929820046
ibaraki2016IW2_45_201912242137,0.0016854536401010917
ibaraki2016IW2_46_201912242137,0.00015216699058643497
ibaraki2016IW2_47_201912242137,0.00012435690476743117
ibaraki2016IW2_48_201912242137,0.00027180217627764707
ibaraki2016IW2_49_201912242137,0.00012520552297832496
ibaraki2016IW2_50_201912242137,0.0002616702848871192
ibaraki2016IW2_51_201912242137,0.0002582628996342137
ibaraki2016IW2_52_201912242137,0.0006619844289031331
ibaraki2016IW2_53_201912242137,0.00014698546534635287
ibaraki2016IW2_54_201912242137,5.190160767506754e-05
ibaraki2016IW2_55_201912242137,0.00019823842444892956
ibaraki2016IW2_56_201912242137,0.0007724691885148088
ibaraki2016IW2_57_201912242137,0.0005784076686061583
ibaraki2016IW2_58_201912242137,0.0005594348748530751
ibaraki2016IW2_59_201912242137,0.0009534869634708297
ibaraki2016IW2_60_201912242137,2.1794251330812392e-07
ibaraki2016IW2_61_201912242137,0.0009423614302712766
ibaraki2016IW2_62_201912242137,0.0008166698347135265
ibaraki2016IW2_63_201912242137,0.0010848947129513857
ibaraki2016IW2_64_201912242137,0.0011884445128224259
ibaraki2016IW2_65_201912242137,0.0009423614302712766
ibaraki2016IW2_66_201912242137,0.0009423614302712766
ibaraki2016IW2_67_201912242137,0.0013333172154750964
ibaraki2016IW2_68_201912242137,0.0003470612478182948
ibaraki2016IW2_69_201912242137,0.00021572980236052205
ibaraki2016IW2_70_201912242137,0.0012362550909426272
ibaraki2016IW2_71_201912242137,0.00022403311667808234
ibaraki2016IW2_72_201912242137,0.00037624301303403355
ibaraki2016IW2_73_201912242137,0.0012689392869940713
ibaraki2016IW2_74_201912242137,0.0003765994879818828
ibaraki2016IW2_75_201912242137,0.000479515163418882
ibaraki2016IW2_76_201912242137,0.0006483955912244754
ibaraki2016IW2_77_201912242137,0.00011220904018871592
ibaraki2016IW2_78_201912242137,0.0008148429189675519
ibaraki2016IW2_79_201912242137,0.0008280088182923775
ibaraki2016IW2_80_201912242137,0.0008090523925411439
ibaraki2016IW2_81_201912242137,0.0005499782489438893
ibaraki2016IW2_82_201912242137,0.0007543686411242165
ibaraki2016IW2_83_201912242137,0.0007419422213133537
ibaraki2016IW2_84_201912242137,6.870405520579951e-05
ibaraki2016IW2_85_201912242137,0.0007419422213133537
ibaraki2016IW2_86_201912242137,0.0016362858873590126
ibaraki2016IW2_87_201912242137,0.0016362858873590126
ibaraki2016IW2_88_201912242137,0.0006556814783688584
ibaraki2016IW2_89_201912242137,0.0008949503367038805
ibaraki2016IW2_90_201912242137,0.0009007408631302885
ibaraki2016IW2_91_201912242137,3.6609007741887157e-05
ibaraki2016IW2_92_201912242137,0.001580477839437107
ibaraki2016IW2_93_201912242137,0.0009959045557057823
ibaraki2016IW2_94_201912242137,0.00103484875891016
ibaraki2016IW2_95_201912242137,0.002100031193761733
ibaraki2016IW2_96_201912242137,0.0010389520226621375
ibaraki2016IW2_97_201912242137,0.0024642759756644686
ibaraki2016IW2_98_201912242137,0.0005525073863743826
ibaraki2016IW2_99_201912242137,0.0012621255294140625
ibaraki2016IW2_100_201912242137,6.592895118698425e-05
ibaraki2016IW2_101_201912242137,0.0011003061932555467
ibaraki2016IW2_102_201912242137,0.002686036161770915
ibaraki2016IW2_103_201912242137,0.0013561823815225681
ibaraki2016IW2_104_201912242137,0.003604561355415288
ibaraki2016IW2_105_201912242137,0.0005151150206933197
ibaraki2016IW2_106_201912242137,0.0006141950869626375
ibaraki2016IW2_107_201912242137,0.00039068805021586677
ibaraki2016IW2_108_201912242137,0.0036902924343659186
ibaraki2016IW2_109_201912242137,6.481031592339725e-05
ibaraki2016IW2_110_201912242137,0.00071865309123392
ibaraki2016IW2_111_201912242137,0.005858451753398569
ibaraki2016IW2_112_201912242137,0.000609577432543176
ibaraki2016IW2_113_201912242137,0.0003184461615947916
ibaraki2016IW2_114_201912242137,0.006454760641010465
ibaraki2016IW2_115_201912242137,0.004180863643635443
ibaraki2016IW2_116_201912242137,0.006215474038375046
ibaraki2016IW2_117_201912242137,0.00041144484864528465
ibaraki2016IW2_118_201912242137,0.0008887088242779443
ibaraki2016IW2_119_201912242137,0.00527459979515205
ibaraki2016IW2_120_201912242137,0.00255184051399352
ibaraki2016IW2_121_201912242137,0.0021583174987501058
ibaraki2016IW2_122_201912242137,0.0006959008858824351
ibaraki2016IW2_123_201912242137,0.003850960461303632
ibaraki2016IW2_124_201912242137,0.0009152866338208188
ibaraki2016IW2_125_201912242137,0.003809512097968755
ibaraki2016IW2_126_201912242137,0.005762445038297334
ibaraki2016IW2_127_201912242137,0.000716849439867772
ibaraki2016IW2_128_201912242137,0.005785549119240799
ibaraki2016IW2_129_201912242137,0.003921416735412313
ibaraki2016IW2_130_201912242137,0.0006959008858824351
ibaraki2016IW2_131_201912242137,0.00527459979515205
ibaraki2016IW2_132_201912242137,0.0037509387245011957
ibaraki2016IW2_133_201912242137,0.005437267205238322
ibaraki2016IW2_134_201912242137,0.0009152866338208188
ibaraki2016IW2_135_201912242137,0.004544466950860509
ibaraki2016IW2_136_201912242137,0.005853689049095188
ibaraki2016IW2_137_201912242137,0.0063963890039323975
ibaraki2016IW2_138_201912242137,0.0065351265083639426
ibaraki2016IW2_139_201912242137,0.0036689830070539596
ibaraki2016IW2_140_201912242137,0.0032333064154511718
mie2018IW1_0_201912242137,1.6020213059432235e-05
mie2018IW1_1_201912242137,3.411549063602065e-05
mie2018IW1_2_201912242137,3.411549063602065e-05
mie2018IW1_3_201912242137,3.411549063602065e-05
mie2018IW1_4_201912242137,7.466981430036867e-05
mie2018IW1_5_201912242137,7.466981430036867e-05
mie2018IW1_6_201912242137,7.502142693285257e-05
mie2018IW1_7_201912242137,7.502142693285255e-05
mie2018IW1_8_201912242137,5.7400443661029836e-05
mie2018IW1_9_201912242137,2.5200413919177873e-05
mie2018IW1_10_201912242137,2.5200413919177873e-05
mie2018IW1_11_201912242137,1.4469258915085601e-05
mie2018IW1_12_201912242137,1.5063441990676729e-05
mie2018IW1_13_201912242137,2.533538567956165e-05
mie2018IW1_14_201912242137,1.877643905006647e-05
mie2018IW1_15_201912242137,5.8882082674640784e-05
mie2018IW1_16_201912242137,6.205291365963075e-05
mie2018IW1_17_201912242137,6.205291365963075e-05
mie2018IW1_18_201912242137,7.07040662201438e-05
mie2018IW1_19_201912242137,4.604246903730452e-05
mie2018IW1_20_201912242137,4.6042469037304524e-05
mie2018IW1_21_201912242137,4.604246903730452e-05
mie2018IW1_22_201912242137,3.2933194176071575e-05
mie2018IW1_23_201912242137,5.264373661098551e-05
mie2018IW1_24_201912242137,4.252833119268811e-05
mie2018IW1_25_201912242137,5.3436625750958606e-05
mie2018IW1_26_201912242137,5.34366257509586e-05
mie2018IW1_27_201912242137,2.145693064573622e-05
mie2018IW1_28_201912242137,3.9627707491023725e-05
mie2018IW1_29_201912242137,3.9627707491023725e-05
mie2018IW1_30_201912242137,3.9627707491023725e-05
mie2018IW1_31_201912242137,3.0032570474407188e-05
yamagata2018IW1_0_201912242137,0.00021921147377313224
yamagata2018IW1_1_201912242137,0.00021921147377313224
yamagata2018IW1_2_201912242137,0.0
yamagata2018IW1_3_201912242137,0.0
yamagata2018IW1_4_201912242137,0.0
yamagata2018IW1_5_201912242137,0.0
chiba2016IW1-2_104_201912242137,0.0021949325648423666
chiba2016IW1-2_105_201912242137,0.0015256932969851338
chiba2016IW1-2_106_201912242137,0.002190660102777093
chiba2016IW1-2_107_201912242137,0.0007200715761300936
chiba2016IW1-2_110_201912242137,0.0001921876750021987
chiba2016IW1-2_111_201912242137,0.001384704956877872
chiba2016IW1-2_112_201912242137,0.0002783518018639403
chiba2016IW1-2_113_201912242137,0.0002612630160170846
chiba2016IW1-2_115_201912242137,8.873939823388359e-05
chiba2016IW1-2_117_201912242137,0.00012270781675444614
chiba2016IW1-2_118_201912242137,6.0930254185223055e-05
chiba2016IW1-2_120_201912242137,5.429267814179191e-05
chiba2016IW1-2_121_201912242137,5.704879707082007e-05
chiba2016IW1-2_124_201912242137,2.073288138490174e-05
chiba2016IW1-2_126_201912242137,0.0
chiba2016IW1-2_129_201912242137,0.0
chiba2016IW1-2_131_201912242137,0.0
chiba2016IW1-2_132_201912242137,0.0
chiba2016IW1-2_134_201912242137,0.0
chiba2016IW1-2_139_201912242137,0.0
chiba2016IW1-2_143_201912242137,0.0
chiba2016IW1-2_146_201912242137,0.0
chiba2016IW1-2_148_201912242137,0.0
chiba2016IW1-2_151_201912242137,0.0
chiba2016IW1-2_152_201912242137,0.0
chiba2016IW1-2_153_201912242137,0.00019222598837608396
chiba2016IW1-2_156_201912242137,7.613634062160528e-05
chiba2016IW1-2_159_201912242137,0.00019222598837608396
chiba2016IW1-2_160_201912242137,0.00019222598837608396
chiba2016IW1-2_161_201912242137,0.0
chiba2016IW1-2_162_201912242137,0.0003588451941529847
chiba2016IW1-2_163_201912242137,0.00010604356616547122
chiba2016IW1-2_164_201912242137,0.0
chiba2016IW1-2_165_201912242137,0.0
chiba2016IW1-2_166_201912242137,0.00020322876331878688
chiba2016IW1-2_168_201912242137,0.0003460655397868654
chiba2016IW1-2_169_201912242137,0.0
chiba2016IW1-2_170_201912242137,0.00010604356616547122
chiba2016IW1-2_171_201912242137,0.00010604356616547122
chiba2016IW1-2_173_201912242137,0.0
chiba2016IW1-2_174_201912242137,0.0
chiba2016IW1-2_175_201912242137,0.0003173031496533298
chiba2016IW1-2_176_201912242137,0.000280931974107963
chiba2016IW1-2_178_201912242137,0.00016364367185894694
chiba2016IW1-2_181_201912242137,4.933090352788466e-05
chiba2016IW1-2_186_201912242137,4.9190511060368675e-05
chiba2016IW1-2_188_201912242137,3.7659215512532516e-06
chiba2016IW1-2_195_201912242137,3.814697265625e-06
chiba2016IW1-2_196_201912242137,0.00013856304033667277
chiba2016IW1-2_198_201912242137,6.446837905969014e-06
chiba2016IW1-2_201_201912242137,0.00020937340007597967
chiba2016IW1-2_203_201912242137,0.00020937340007597967
chiba2017IW1-2_104_201912242137,2.336206107804808e-05
chiba2017IW1-2_105_201912242137,0.00016390537380774083
chiba2017IW1-2_106_201912242137,9.972473612039702e-06
chiba2017IW1-2_107_201912242137,0.00015822733180106204
chiba2017IW1-2_110_201912242137,9.781194424314369e-05
chiba2017IW1-2_111_201912242137,2.3365044670264907e-06
chiba2017IW1-2_112_201912242137,0.00010085731343569873
chiba2017IW1-2_113_201912242137,0.00010130607338069141
chiba2017IW1-2_115_201912242137,2.374648969407645e-06
chiba2017IW1-2_117_201912242137,8.04515591033157e-06
chiba2017IW1-2_118_201912242137,5.054473729160237e-07
chiba2017IW1-2_120_201912242137,1.5869140643189894e-05
chiba2017IW1-2_121_201912242137,3.1900405156193307e-05
chiba2017IW1-2_124_201912242137,0.0
chiba2017IW1-2_126_201912242137,0.0
chiba2017IW1-2_129_201912242137,0.0
chiba2017IW1-2_131_201912242137,0.0
chiba2017IW1-2_132_201912242137,0.0
chiba2017IW1-2_134_201912242137,0.0
chiba2017IW1-2_139_201912242137,0.0
chiba2017IW1-2_143_201912242137,0.0
chiba2017IW1-2_146_201912242137,0.0
chiba2017IW1-2_148_201912242137,0.0
chiba2017IW1-2_151_201912242137,0.0
chiba2017IW1-2_152_201912242137,0.0
chiba2017IW1-2_153_201912242137,4.474473535320482e-05
chiba2017IW1-2_156_201912242137,0.0
chiba2017IW1-2_159_201912242137,0.0
chiba2017IW1-2_160_201912242137,4.474473535320482e-05
chiba2017IW1-2_161_201912242137,4.474473535320482e-05
chiba2017IW1-2_162_201912242137,5.596233417854e-05
chiba2017IW1-2_163_201912242137,0.0
chiba2017IW1-2_164_201912242137,1.1217598825335186e-05
chiba2017IW1-2_165_201912242137,4.474473535320482e-05
chiba2017IW1-2_166_201912242137,1.4422242762635076e-05
chiba2017IW1-2_168_201912242137,3.265123946309007e-05
chiba2017IW1-2_169_201912242137,1.4422242762635076e-05
chiba2017IW1-2_170_201912242137,3.179283217288908e-05
chiba2017IW1-2_171_201912242137,3.179283217288908e-05
chiba2017IW1-2_173_201912242137,0.0
chiba2017IW1-2_174_201912242137,0.0
chiba2017IW1-2_175_201912242137,1.5396771681953628e-05
chiba2017IW1-2_176_201912242137,1.1217598825335186e-05
chiba2017IW1-2_178_201912242137,4.486308956153756e-06
chiba2017IW1-2_181_201912242137,1.2816650188538654e-06
chiba2017IW1-2_186_201912242137,3.3695437707592646e-05
chiba2017IW1-2_188_201912242137,1.2272194108069266e-06
chiba2017IW1-2_195_201912242137,7.724761553618015e-07
chiba2017IW1-2_196_201912242137,1.1033995814697115e-07
chiba2017IW1-2_198_201912242137,3.4427641958245664e-06
chiba2017IW1-2_201_201912242137,8.34315382763835e-05
chiba2017IW1-2_203_201912242137,8.34315382763835e-05
saga2017IW3_0_201912242137,7.3006849403245e-05
saga2017IW3_1_201912242137,0.00023267527330980228
saga2017IW3_2_201912242137,1.7012330823230856e-05
saga2017IW3_3_201912242137,0.00016671247984812463
saga2017IW3_4_201912242137,0.00020118210974022396
saga2017IW3_5_201912242137,0.00016837403455490044
saga2017IW3_6_201912242137,5.9177399596559935e-05
saga2017IW3_7_201912242137,0.00011488360955954889
saga2017IW3_8_201912242137,0.00010867304454233727
saga2017IW3_9_201912242137,1.885428730459077e-05
saga2017IW3_10_201912242137,0.0001722056443471821
saga2017IW3_11_201912242137,0.00043752590829153175
saga2017IW3_12_201912242137,0.00020767148623856524
saga2017IW3_13_201912242137,0.00037252487255272403
saga2017IW3_14_201912242137,9.503256259616103e-05
saga2017IW3_15_201912242137,0.00018787538500683945
saga2017IW3_16_201912242137,0.00037252487255272403
saga2017IW3_17_201912242137,0.00010601664562094199
saga2017IW3_18_201912242137,9.691986421482204e-05
saga2017IW3_19_201912242137,0.0003740905383152751
saga2017IW3_20_201912242137,0.00018655424640457265
saga2017IW3_21_201912242137,4.015292689291839e-05
saga2017IW3_22_201912242137,4.015292689291839e-05
saga2017IW3_23_201912242137,0.00018994555793176883
saga2017IW3_24_201912242137,0.00010862840185734324
saga2017IW3_25_201912242137,6.664518964310048e-05
saga2017IW3_26_201912242137,0.00016649542916466443
saga2017IW3_27_201912242137,5.078061739206809e-05
saga2017IW3_28_201912242137,2.0259879216922287e-05
saga2017IW3_29_201912242137,3.259726303411482e-05
saga2017IW3_30_201912242137,7.433370172530966e-05
saga2017IW3_31_201912242137,1.9714035673590975e-05
saga2017IW3_32_201912242137,7.010280617995146e-05
saga2017IW3_33_201912242137,2.924751478422846e-05
saga2017IW3_34_201912242137,5.17649351351832e-05
saga2017IW3_35_201912242137,5.669155254054907e-05
saga2017IW3_36_201912242137,3.724422305903687e-05
saga2017IW3_37_201912242137,1.225210173892026e-05
yamanashi2017IW1_1_201912242137,3.9295470491732057e-05
yamanashi2017IW1_2_201912242137,1.1580980578176203e-05
yamanashi2017IW1_3_201912242137,0.00012509035748284854
yamanashi2017IW1_4_201912242137,8.192965658058898e-05
yamanashi2017IW1_5_201912242137,0.000120978540703491
yamanashi2017IW1_6_201912242137,0.00026356960349379184
yamanashi2017IW1_7_201912242137,0.00026609106801465227
yamanashi2017IW1_8_201912242137,0.00030373425863800246
yamanashi2017IW1_9_201912242137,0.00030373425863800246
yamanashi2017IW1_10_201912242137,0.00012186859928662703
yamanashi2017IW1_11_201912242137,9.254921823924002e-05
saga2016IW3_0_201912242137,7.86705466744623e-06
saga2016IW3_1_201912242137,1.2072758020810027e-05
saga2016IW3_2_201912242137,0.00042972797623994476
saga2016IW3_3_201912242137,9.320768138215155e-05
saga2016IW3_4_201912242137,3.297559608917996e-05
saga2016IW3_5_201912242137,0.000152215234839397
saga2016IW3_6_201912242137,6.222753872818825e-05
saga2016IW3_7_201912242137,0.0005558770099789762
saga2016IW3_8_201912242137,0.000562984428365528
saga2016IW3_9_201912242137,8.528295359279572e-05
saga2016IW3_10_201912242137,0.00010489019175812811
saga2016IW3_11_201912242137,0.0004377104385222346
saga2016IW3_12_201912242137,2.7384632412025194e-05
saga2016IW3_13_201912242137,0.0003134736439558589
saga2016IW3_14_201912242137,2.3440705008723133e-05
saga2016IW3_15_201912242137,7.323775951934574e-07
saga2016IW3_16_201912242137,0.0003134736439558589
saga2016IW3_17_201912242137,0.00013679792090017442
saga2016IW3_18_201912242137,2.8585903147166156e-06
saga2016IW3_19_201912242137,0.00014633799096575126
saga2016IW3_20_201912242137,0.0001630243122091364
saga2016IW3_21_201912242137,0.00013452973677844016
saga2016IW3_22_201912242137,0.00013452973677844016
saga2016IW3_23_201912242137,0.00017002388365077513
saga2016IW3_24_201912242137,0.0001262051949130402
saga2016IW3_25_201912242137,4.403379344524416e-05
saga2016IW3_26_201912242137,0.00015626822760127538
saga2016IW3_27_201912242137,0.00014779601333694397
saga2016IW3_28_201912242137,0.00010248557440583132
saga2016IW3_29_201912242137,0.0001998583273485886
saga2016IW3_30_201912242137,0.00010309185409784703
saga2016IW3_31_201912242137,7.95895230802785e-05
saga2016IW3_32_201912242137,7.959676771716889e-05
saga2016IW3_33_201912242137,0.00014512710223724498
saga2016IW3_34_201912242137,2.4433544314251578e-05
saga2016IW3_35_201912242137,5.966692088723957e-05
saga2016IW3_36_201912242137,0.00015382178485679571
saga2016IW3_37_201912242137,6.69217749455497e-05
ibaraki2017IW2_0_201912242137,0.00015659975561585634
ibaraki2017IW2_1_201912242137,0.00015659975561585634
ibaraki2017IW2_2_201912242137,0.0002244634911609221
ibaraki2017IW2_3_201912242137,0.0001437442125953427
ibaraki2017IW2_4_201912242137,0.00017084061138785008
ibaraki2017IW2_5_201912242137,0.00017084061138785008
ibaraki2017IW2_6_201912242137,0.00014133829833210768
ibaraki2017IW2_7_201912242137,0.00010357999612044658
ibaraki2017IW2_8_201912242137,0.00017084061138785008
ibaraki2017IW2_9_201912242137,7.997559270201093e-05
ibaraki2017IW2_10_201912242137,0.00011506354519696966
ibaraki2017IW2_11_201912242137,0.0001327736847788943
ibaraki2017IW2_12_201912242137,0.00021321540757750435
ibaraki2017IW2_13_201912242137,0.00018413320170621413
ibaraki2017IW2_14_201912242137,0.00018047991124824504
ibaraki2017IW2_15_201912242137,7.157594639518725e-05
ibaraki2017IW2_16_201912242137,0.0002073702586139051
ibaraki2017IW2_17_201912242137,7.157594639518725e-05
ibaraki2017IW2_18_201912242137,0.00015209385731691598
ibaraki2017IW2_19_201912242137,0.0001606654403631323
ibaraki2017IW2_20_201912242137,0.00014452784785544745
ibaraki2017IW2_21_201912242137,0.0001894041247841445
ibaraki2017IW2_22_201912242137,0.0001606654403631323
ibaraki2017IW2_23_201912242137,9.12534142352375e-05
ibaraki2017IW2_24_201912242137,0.0001702299419962587
ibaraki2017IW2_25_201912242137,0.00034519892138440926
ibaraki2017IW2_26_201912242137,0.0003613651382820991
ibaraki2017IW2_27_201912242137,0.0002285649778950322
ibaraki2017IW2_28_201912242137,4.839004583277872e-05
ibaraki2017IW2_29_201912242137,6.182647206238925e-05
ibaraki2017IW2_30_201912242137,0.00018591964673290155
ibaraki2017IW2_31_201912242137,0.00034712100999523076
ibaraki2017IW2_32_201912242137,0.00034712100999523076
ibaraki2017IW2_33_201912242137,0.00029784089902788014
ibaraki2017IW2_34_201912242137,0.00010129710934950859
ibaraki2017IW2_35_201912242137,5.4965447034238755e-05
ibaraki2017IW2_36_201912242137,0.0003551276241026243
ibaraki2017IW2_37_201912242137,8.044702609209657e-05
ibaraki2017IW2_38_201912242137,5.4965447034238755e-05
ibaraki2017IW2_39_201912242137,4.4751274808299156e-05
ibaraki2017IW2_40_201912242137,0.0001260855774947643
ibaraki2017IW2_41_201912242137,4.371388237500934e-05
ibaraki2017IW2_42_201912242137,8.044702609209657e-05
ibaraki2017IW2_43_201912242137,8.967774556941795e-05
ibaraki2017IW2_44_201912242137,5.7952358380683044e-05
ibaraki2017IW2_45_201912242137,0.0001314318276197493
ibaraki2017IW2_46_201912242137,2.004582575095942e-07
ibaraki2017IW2_47_201912242137,8.79814150690528e-05
ibaraki2017IW2_48_201912242137,0.00013888449758552214
ibaraki2017IW2_49_201912242137,0.0001539279636935637
ibaraki2017IW2_50_201912242137,7.652736872676621e-05
ibaraki2017IW2_51_201912242137,2.2718342731694514e-05
ibaraki2017IW2_52_201912242137,5.546708382494594e-06
ibaraki2017IW2_53_201912242137,0.00012950110120469628
ibaraki2017IW2_54_201912242137,4.9174746665889627e-05
ibaraki2017IW2_55_201912242137,0.00019913037878657513
ibaraki2017IW2_56_201912242137,0.00018704711530688722
ibaraki2017IW2_57_201912242137,0.00019441408360111476
ibaraki2017IW2_58_201912242137,0.00016339243304562198
ibaraki2017IW2_59_201912242137,0.0004588919904681605
ibaraki2017IW2_60_201912242137,0.00020258169883652366
ibaraki2017IW2_61_201912242137,0.0004498041357709206
ibaraki2017IW2_62_201912242137,0.00022750373544718372
ibaraki2017IW2_63_201912242137,0.00015226385601071774
ibaraki2017IW2_64_201912242137,0.00021636779515256908
ibaraki2017IW2_65_201912242137,0.0004498041357709206
ibaraki2017IW2_66_201912242137,0.0004498041357709206
ibaraki2017IW2_67_201912242137,0.00017601095495553922
ibaraki2017IW2_68_201912242137,0.00025729436739618745
ibaraki2017IW2_69_201912242137,0.00019981162299986571
ibaraki2017IW2_70_201912242137,0.00032056523182786016
ibaraki2017IW2_71_201912242137,2.915269714144289e-05
ibaraki2017IW2_72_201912242137,0.00033148657972927937
ibaraki2017IW2_73_201912242137,0.00027931701395216723
ibaraki2017IW2_74_201912242137,0.00028465912436871854
ibaraki2017IW2_75_201912242137,0.0003589549321474597
ibaraki2017IW2_76_201912242137,0.00021011923644826482
ibaraki2017IW2_77_201912242137,8.762289637645548e-05
ibaraki2017IW2_78_201912242137,0.00034503552651818863
ibaraki2017IW2_79_201912242137,0.0003999996443887713
ibaraki2017IW2_80_201912242137,0.0003393579616327679
ibaraki2017IW2_81_201912242137,0.00014872838352074786
ibaraki2017IW2_82_201912242137,0.0002704739807264975
ibaraki2017IW2_83_201912242137,0.00024277205830594068
ibaraki2017IW2_84_201912242137,6.783976681503176e-05
ibaraki2017IW2_85_201912242137,0.00024277205830594068
ibaraki2017IW2_86_201912242137,0.0004725169314337031
ibaraki2017IW2_87_201912242137,0.0004725169314337031
ibaraki2017IW2_88_201912242137,0.00018894814156084097
ibaraki2017IW2_89_201912242137,5.440859147143673e-05
ibaraki2017IW2_90_201912242137,6.008615635685744e-05
ibaraki2017IW2_91_201912242137,1.147744881606355e-05
ibaraki2017IW2_92_201912242137,0.0003150759631764479
ibaraki2017IW2_93_201912242137,0.0003006132224599502
ibaraki2017IW2_94_201912242137,0.00028368652061058444
ibaraki2017IW2_95_201912242137,9.707399976553393e-05
ibaraki2017IW2_96_201912242137,0.00029570298381127063
ibaraki2017IW2_97_201912242137,0.000358971755101945
ibaraki2017IW2_98_201912242137,3.130701137104101e-05
ibaraki2017IW2_99_201912242137,0.0001489359990023422
ibaraki2017IW2_100_201912242137,9.172839913138493e-05
ibaraki2017IW2_101_201912242137,0.0003481728939169119
ibaraki2017IW2_102_201912242137,0.00014633535599119864
ibaraki2017IW2_103_201912242137,0.00024941507175962397
ibaraki2017IW2_104_201912242137,0.00046927467074524406
ibaraki2017IW2_105_201912242137,9.802092856939932e-05
ibaraki2017IW2_106_201912242137,2.131162852235638e-05
ibaraki2017IW2_107_201912242137,0.00023054390628561073
ibaraki2017IW2_108_201912242137,0.0005134172768489725
ibaraki2017IW2_109_201912242137,5.774254870064147e-05
ibaraki2017IW2_110_201912242137,4.7610753817956705e-05
ibaraki2017IW2_111_201912242137,0.00034583950161644144
ibaraki2017IW2_112_201912242137,5.423807838047666e-05
ibaraki2017IW2_113_201912242137,6.301377712667736e-05
ibaraki2017IW2_114_201912242137,0.0003602851355686604
ibaraki2017IW2_115_201912242137,0.00031498234409428345
ibaraki2017IW2_116_201912242137,0.00046543395046720853
ibaraki2017IW2_117_201912242137,0.00016252200243742473
ibaraki2017IW2_118_201912242137,0.00042208136557344303
ibaraki2017IW2_119_201912242137,0.00028386105234799047
ibaraki2017IW2_120_201912242137,0.00026547257466500866
ibaraki2017IW2_121_201912242137,0.0008778484139062514
ibaraki2017IW2_122_201912242137,0.0006217090239575549
ibaraki2017IW2_123_201912242137,0.0003437701076738233
ibaraki2017IW2_124_201912242137,0.0007565898174899036
ibaraki2017IW2_125_201912242137,0.00039009264479824326
ibaraki2017IW2_126_201912242137,0.0004843989141335963
ibaraki2017IW2_127_201912242137,0.0009455477645346458
ibaraki2017IW2_128_201912242137,0.0005328058710512803
ibaraki2017IW2_129_201912242137,0.0007672126943946567
ibaraki2017IW2_130_201912242137,0.0006217090239575549
ibaraki2017IW2_131_201912242137,0.00028386105234799047
ibaraki2017IW2_132_201912242137,0.00038235426467835525
ibaraki2017IW2_133_201912242137,0.0007283757637447786
ibaraki2017IW2_134_201912242137,0.0007565898174899036
ibaraki2017IW2_135_201912242137,0.00041992720408897213
ibaraki2017IW2_136_201912242137,0.0003847310478187357
ibaraki2017IW2_137_201912242137,0.00037635111836469606
ibaraki2017IW2_138_201912242137,0.0004563918644826349
ibaraki2017IW2_139_201912242137,0.00037321209591416316
ibaraki2017IW2_140_201912242137,0.0002641009612790674
chiba2016IW1-1_1_201912242137,0.0007600763952588858
chiba2016IW1-1_2_201912242137,0.001419967232190493
chiba2016IW1-1_3_201912242137,0.001358482151669919
chiba2016IW1-1_4_201912242137,0.0012430565739766219
chiba2016IW1-1_5_201912242137,0.0033422527129612885
chiba2016IW1-1_6_201912242137,0.0014911995273824714
chiba2016IW1-1_7_201912242137,0.0012620101031062144
chiba2016IW1-1_8_201912242137,0.0012620101031062141
chiba2016IW1-1_9_201912242137,0.003058917803041396
chiba2016IW1-1_10_201912242137,0.0005030876538202022
chiba2016IW1-1_11_201912242137,0.003386401286591672
chiba2016IW1-1_12_201912242137,0.0008674053347597997
chiba2016IW1-1_13_201912242137,0.0006126644742784618
chiba2016IW1-1_14_201912242137,0.0012130939081015442
chiba2016IW1-1_15_201912242137,0.0006126644742784618
chiba2016IW1-1_16_201912242137,0.0006285440421355314
chiba2016IW1-1_17_201912242137,0.0004267506983403999
chiba2016IW1-1_18_201912242137,0.0006539847813419249
chiba2016IW1-1_19_201912242137,0.00041221404444028353
chiba2016IW1-1_20_201912242137,9.935304548542151e-05
chiba2016IW1-1_21_201912242137,9.935304548542151e-05
chiba2016IW1-1_22_201912242137,0.0004773656306206496
chiba2016IW1-1_23_201912242137,0.0008300389468648103
chiba2016IW1-1_24_201912242137,9.939119245921463e-05
chiba2016IW1-1_25_201912242137,0.0014075525335987748
chiba2016IW1-1_26_201912242137,0.0013821117943923812
chiba2016IW1-1_27_201912242137,0.00013971817047130829
chiba2016IW1-1_28_201912242137,0.0013338721918411327
chiba2016IW1-1_29_201912242137,0.002047906027560759
chiba2016IW1-1_30_201912242137,0.0019380328243323636
chiba2016IW1-1_31_201912242137,0.00016590547652724512
chiba2016IW1-1_32_201912242137,0.0030886420655569635
chiba2016IW1-1_33_201912242137,0.003314736488756324
chiba2016IW1-1_34_201912242137,0.00017822694803924083
chiba2016IW1-1_35_201912242137,0.003239275201296743
chiba2016IW1-1_36_201912242137,0.004744412581703461
chiba2016IW1-1_37_201912242137,0.006011221734394106
chiba2016IW1-1_38_201912242137,0.00010055461739249586
chiba2016IW1-1_39_201912242137,0.00856013758300285
chiba2016IW1-1_40_201912242137,8.319587768514532e-05
chiba2016IW1-1_41_201912242137,0.007560472401546583
chiba2016IW1-1_44_201912242137,0.007771606956736002
chiba2016IW1-1_45_201912242137,0.007771606956736003
chiba2016IW1-1_48_201912242137,0.006266936876728407
chiba2016IW1-1_49_201912242137,0.00010433948959192079
chiba2016IW1-1_50_201912242137,0.0042860938883181356
chiba2016IW1-1_51_201912242137,0.002833006243870844
chiba2016IW1-1_53_201912242137,0.0007230120276350931
chiba2016IW1-1_54_201912242137,0.00864700846978236
chiba2016IW1-1_56_201912242137,0.0010564246939294775
chiba2016IW1-1_57_201912242137,0.008646541169383237
chiba2016IW1-1_58_201912242137,0.008646627000078535
chiba2016IW1-1_60_201912242137,0.012021638579218005
chiba2016IW1-1_61_201912242137,0.0010739927684314818
chiba2016IW1-1_62_201912242137,0.00771454715375584
chiba2016IW1-1_64_201912242137,0.006094299965380129
chiba2016IW1-1_65_201912242137,0.006094299965380129
chiba2016IW1-1_66_201912242137,0.0006405910160135145
chiba2016IW1-1_70_201912242137,0.0037293641350673113
chiba2016IW1-1_71_201912242137,0.000298263952675246
chiba2016IW1-1_73_201912242137,0.0015340781272106783
chiba2016IW1-1_74_201912242137,0.00035596426540433453
chiba2016IW1-1_76_201912242137,0.00035596426540433453
chiba2016IW1-1_78_201912242137,0.00012276250907279488
chiba2016IW1-1_79_201912242137,0.0015496448834816446
chiba2016IW1-1_81_201912242137,0.0005900018697941042
chiba2016IW1-1_82_201912242137,7.381439113487436e-06
chiba2016IW1-1_84_201912242137,9.822845436247013e-06
chiba2016IW1-1_85_201912242137,0.00023165757726221635
chiba2016IW1-1_87_201912242137,8.21113595975476e-06
chiba2016IW1-1_89_201912242137,7.2574616433485094e-06
chiba2016IW1-1_90_201912242137,0.0009604893022749008
chiba2016IW1-1_93_201912242137,0.0012970146674805242
chiba2016IW1-1_94_201912242137,2.384185791015625e-07
chiba2016IW1-1_96_201912242137,0.0003399144689288482
chiba2016IW1-1_98_201912242137,1.6117097038659289e-06
chiba2016IW1-1_99_201912242137,2.2249221383390254e-05
chiba2016IW1-1_100_201912242137,0.00011724825580578771
chiba2016IW1-1_101_201912242137,1.6117097038659289e-06
chiba2016IW1-1_102_201912242137,1.1339187162775493e-05
chiba2016IW1-1_103_201912242137,0.0002104399720840467
chiba2016IW1-1_104_201912242137,0.00016971717181751248
chiba2016IW1-1_105_201912242137,0.00013378881948382664
chiba2016IW1-1_106_201912242137,0.00012086260290182721
chiba2016IW1-1_107_201912242137,0.00013362547982090638
chiba2016IW1-1_108_201912242137,3.871917520257287e-06
chiba2016IW1-1_109_201912242137,7.82012898810081e-07
chiba2016IW1-1_110_201912242137,0.0012288654535804054
chiba2016IW1-1_111_201912242137,0.00011252300583723955
chiba2016IW1-1_113_201912242137,0.002074979575133491
chiba2016IW1-1_117_201912242137,0.0
chiba2016IW1-1_119_201912242137,7.381439113487436e-06
chiba2016IW1-1_120_201912242137,0.0
chiba2016IW1-1_123_201912242137,0.0
chiba2016IW1-1_125_201912242137,0.0
chiba2016IW1-1_128_201912242137,0.0
chiba2016IW1-1_129_201912242137,0.0
chiba2016IW1-1_132_201912242137,0.0
chiba2016IW1-1_139_201912242137,0.0
chiba2016IW1-1_143_201912242137,0.0014018418068998343
chiba2016IW1-1_146_201912242137,0.0
chiba2016IW1-1_152_201912242137,0.008750180356418603
chiba2016IW1-1_156_201912242137,0.0
chiba2016IW1-1_159_201912242137,0.0
chiba2016IW1-1_161_201912242137,0.0
chiba2016IW1-1_164_201912242137,0.00017886733413116916
chiba2016IW1-1_166_201912242137,0.0
chiba2016IW1-1_169_201912242137,0.0
chiba2016IW1-1_171_201912242137,0.0
chiba2016IW1-1_173_201912242137,0.0
chiba2016IW1-1_174_201912242137,0.0
chiba2016IW1-1_175_201912242137,0.0
chiba2016IW1-1_176_201912242137,0.0
chiba2016IW1-1_178_201912242137,0.0
chiba2016IW1-1_181_201912242137,0.0
chiba2016IW1-1_188_201912242137,0.0
chiba2016IW1-1_190_201912242137,2.384185791015625e-07
chiba2016IW1-1_193_201912242137,8.369743706971748e-05
chiba2016IW1-1_201_201912242137,0.002167277978042832
chiba2016IW1-1_203_201912242137,0.0
aichi2017IW1_0_201912242137,0.00010883559910702037
aichi2017IW1_1_201912242137,0.0001164260233010433
aichi2017IW1_2_201912242137,6.373469125733404e-05
aichi2017IW1_3_201912242137,0.00020218675872696765
aichi2017IW1_4_201912242137,0.00019459633453294473
aichi2017IW1_5_201912242137,0.00019459633453294473
aichi2017IW1_6_201912242137,0.00019459633453294473
aichi2017IW1_7_201912242137,3.757476858936576e-08
aichi2017IW1_8_201912242137,1.5320619374721652e-05
aichi2017IW1_9_201912242137,1.5320619374721652e-05
aichi2017IW1_10_201912242137,5.179394276902558e-05
aichi2017IW1_11_201912242137,7.113194865883113e-05
aichi2017IW1_12_201912242137,5.42640702633435e-08
aichi2017IW1_13_201912242137,6.595720448189559e-05
aichi2017IW1_14_201912242137,0.00012599763262778217
aichi2017IW1_15_201912242137,5.42640702633435e-08
aichi2017IW1_16_201912242137,0.00011114824204083357
aichi2017IW1_17_201912242137,3.336385038329011e-06
aichi2017IW1_18_201912242137,0.00012178390395608248
aichi2017IW1_19_201912242137,0.0001397309902038089
aichi2017IW1_20_201912242137,0.00012637250622487192
aichi2017IW1_21_201912242137,0.00018603069086307972
aichi2017IW1_22_201912242137,0.00018093070393152423
aichi2017IW1_23_201912242137,0.0001463425165531991
aichi2017IW1_24_201912242137,8.360479770451648e-05
aichi2017IW1_25_201912242137,8.779475592339236e-05
aichi2017IW1_26_201912242137,0.00011518644155758523
aichi2017IW1_27_201912242137,0.0001151768882698111
aichi2017IW1_28_201912242137,0.00011273114064428031
aichi2017IW1_29_201912242137,3.079275755603354e-05
aichi2017IW1_30_201912242137,0.000126058486052651
aichi2017IW1_31_201912242137,0.0004936391383812191
aichi2017IW1_32_201912242137,0.00014870969994529716
aichi2017IW1_33_201912242137,0.00013954393351713079
aichi2017IW1_34_201912242137,0.0005148500171806203
aichi2017IW1_35_201912242137,3.5288929410723545e-05
aichi2017IW1_36_201912242137,0.00015089459134418835
aichi2017IW1_37_201912242137,0.00013678707005195854
aichi2017IW1_38_201912242137,0.00011994518746654835
aichi2017IW1_39_201912242137,0.0004739688644304184
aichi2017IW1_40_201912242137,0.00023261250887864995
aichi2017IW1_41_201912242137,0.00011328391938690105
aichi2017IW1_42_201912242137,0.0002729194712015711
aichi2017IW1_43_201912242137,0.00017699995819934626
aichi2017IW1_44_201912242137,0.00023079778060259757
aichi2017IW1_45_201912242137,0.0004527579856310171
aichi2017IW1_46_201912242137,1.8966503288458812e-05
aichi2017IW1_47_201912242137,0.0005013328628987639
aichi2017IW1_48_201912242137,0.00043124361283053674
aichi2017IW1_49_201912242137,0.0002879594737014274
aichi2017IW1_50_201912242137,0.00015834141306659812
aichi2017IW1_51_201912242137,0.0002879594737014273
aichi2017IW1_52_201912242137,0.00010691559829196763
aichi2017IW1_53_201912242137,0.00015834141306659812
aichi2017IW1_54_201912242137,0.00017911129991577822
aichi2017IW1_55_201912242137,0.00027281809255090274
aichi2017IW1_56_201912242137,0.00047787680910967544
aichi2017IW1_57_201912242137,0.0003441118141161343
aichi2017IW1_58_201912242137,0.0004778768091096755
aichi2017IW1_59_201912242137,0.00042919003275484373
aichi2017IW1_60_201912242137,0.00019698337616887239
aichi2017IW1_61_201912242137,0.00024797877157372173
aichi2017IW1_62_201912242137,0.00023217662192152405
aichi2017IW1_63_201912242137,0.0002947038396508542
aichi2017IW1_64_201912242137,0.0001424204250481739
aichi2017IW1_65_201912242137,0.0001317361336281899
aichi2017IW1_66_201912242137,0.0001484428576467655
aichi2017IW1_67_201912242137,0.00012128366092410953
aichi2017IW1_68_201912242137,0.00014636053664627944
aichi2017IW1_69_201912242137,0.00013405693446648208
aichi2017IW1_70_201912242137,0.00035407023509278514
aichi2017IW1_71_201912242137,0.00013162599488640672
aichi2017IW1_72_201912242137,7.047188817610156e-05
aichi2017IW1_73_201912242137,0.00025014500146455104
aichi2017IW1_74_201912242137,0.00026838947673025744
aichi2017IW1_75_201912242137,0.00039722403507428056
aichi2017IW1_76_201912242137,0.00010242203144941042
aichi2017IW1_77_201912242137,4.4963381016972696e-05
aichi2017IW1_78_201912242137,0.00022911618683259
aichi2017IW1_79_201912242137,0.0001269887846287131
aichi2017IW1_80_201912242137,0.00012406100163678895
aichi2017IW1_81_201912242137,0.00029395713588003283
aichi2017IW1_82_201912242137,7.121443219224899e-05
aichi2017IW1_83_201912242137,0.00022629234376923222
aichi2017IW1_84_201912242137,6.221659008843241e-05
aichi2017IW1_85_201912242137,9.803059296331813e-05
aichi2017IW1_86_201912242137,7.179914088398688e-06
aichi2017IW1_87_201912242137,7.666254126832594e-05
aichi2017IW1_88_201912242137,0.00021954655534606497
aichi2017IW1_89_201912242137,8.404315550517824e-05
aichi2017IW1_90_201912242137,0.00010509323114609606
aichi2017IW1_91_201912242137,9.853685664089944e-05
aichi2017IW1_92_201912242137,5.15996205543093e-05
aichi2017IW1_93_201912242137,9.010736442365622e-05
aichi2017IW1_94_201912242137,0.00030436258285449657
aichi2017IW1_95_201912242137,0.0003692001648179223
aichi2017IW1_96_201912242137,0.00046680526793179734
aichi2017IW1_97_201912242137,6.694676917936668e-06
aichi2017IW1_98_201912242137,7.656278011667009e-05
aichi2017IW1_99_201912242137,4.8632667394688184e-05
aichi2017IW1_100_201912242137,4.8632667394688184e-05
aichi2017IW1_101_201912242137,0.00045511439919109116
aichi2017IW1_102_201912242137,0.00037757671103632
aichi2017IW1_103_201912242137,0.00026899157502828025
aichi2017IW1_104_201912242137,3.8356295581935606e-05
aichi2017IW1_105_201912242137,0.00030715573002798217
aichi2017IW1_106_201912242137,0.00012262818312981451
aichi2017IW1_107_201912242137,4.3104747101677363e-05
aichi2017IW1_108_201912242137,9.502517373399531e-05
aichi2017IW1_109_201912242137,0.00014380116003207788
aichi2017IW1_110_201912242137,1.492184552973176e-05
aichi2017IW1_111_201912242137,7.242486033791175e-05
aichi2017IW1_112_201912242137,6.216253315083e-05
aichi2017IW1_113_201912242137,1.492098722270773e-05
aichi2017IW1_114_201912242137,9.128617285165165e-05
aichi2017IW1_115_201912242137,9.367718292846612e-05
aichi2017IW1_116_201912242137,0.000372038824290302
aichi2017IW1_117_201912242137,0.00034400357253585874
aichi2017IW1_118_201912242137,8.395302269754835e-06
aichi2017IW1_119_201912242137,9.449574169032252e-05
aichi2017IW1_120_201912242137,0.00030032936224507893
aichi2017IW1_121_201912242137,5.610839158446147e-05
aichi2017IW1_122_201912242137,8.395302269754835e-06
aichi2017IW1_123_201912242137,9.655380739912519e-05
aichi2017IW1_124_201912242137,4.948463109826814e-05
aichi2017IW1_125_201912242137,0.00010753988772674181
aichi2017IW1_126_201912242137,5.4981997961787156e-05
aichi2017IW1_127_201912242137,6.579028031336705e-05
aichi2017IW1_128_201912242137,4.9913036705620756e-05
aichi2017IW1_129_201912242137,8.394920800045326e-06
aichi2017IW1_130_201912242137,9.086636675740292e-05
aichi2017IW1_131_201912242137,4.743535243995521e-05
aichi2017IW1_132_201912242137,6.652697770137577e-05
aichi2017IW1_133_201912242137,6.234342356191866e-05
aichi2017IW1_134_201912242137,0.00021997819316018738
aichi2017IW1_135_201912242137,8.39148757265974e-06
aichi2017IW1_136_201912242137,0.00010446327167347495
aichi2017IW1_137_201912242137,5.8944362425759715e-05
aichi2017IW1_138_201912242137,6.234342356191866e-05
aichi2017IW1_139_201912242137,8.590137943817523e-06
aichi2017IW1_140_201912242137,4.3879001830318264e-05
aichi2017IW1_141_201912242137,0.00020206646782312357
aichi2017IW1_142_201912242137,2.638976326851531e-05
aichi2017IW1_143_201912242137,6.652697770137577e-05
aichi2017IW1_144_201912242137,1.8427214852137832e-05
aichi2017IW1_145_201912242137,8.522595891803478e-06
aichi2017IW1_146_201912242137,1.8427214852137832e-05
aichi2017IW1_147_201912242137,2.799987946332297e-07
aichi2017IW1_148_201912242137,2.799987946332297e-07
aichi2017IW1_149_201912242137,2.799987946332297e-07
aichi2017IW1_150_201912242137,0.0001879425349763398
aichi2017IW1_151_201912242137,0.00020347324317054815
aichi2017IW1_152_201912242137,0.00013165486529510405
aichi2017IW1_153_201912242137,0.00022685258303618077
aichi2017IW1_154_201912242137,0.0003358821965607786
aichi2017IW1_155_201912242137,0.00014316441718222362
aichi2017IW1_156_201912242137,5.999565282991174e-07
aichi2017IW1_157_201912242137,3.7508990392289685e-05
aichi2017IW1_158_201912242137,0.00014316441718222362
aichi2017IW1_159_201912242137,0.00014261356079487523
aichi2017IW1_160_201912242137,0.00022704760943252162
aichi2017IW1_161_201912242137,5.318641744224808e-07
aichi2017IW1_162_201912242137,7.264173469888846e-06
aichi2017IW1_163_201912242137,0.00016408320518747956
aichi2017IW1_164_201912242137,3.849396751869148e-05
aichi2017IW1_165_201912242137,0.00014866255101121488
aichi2017IW1_166_201912242137,4.81414801254232e-07
aichi2017IW1_167_201912242137,0.00013620465311799907
aichi2017IW1_168_201912242137,1.804815907864294e-05
aichi2017IW1_169_201912242137,3.844351814552323e-05
aichi2017IW1_170_201912242137,1.5019915316848157e-05
aichi2017IW1_171_201912242137,0.00012558961904638775
aichi2017IW1_172_201912242137,2.353505620507705e-05
aichi2017IW1_173_201912242137,0.00012330862371292176
aichi2017IW1_174_201912242137,0.00022046779748987027
aichi2017IW1_175_201912242137,8.188881017603601e-05
aichi2017IW1_176_201912242137,0.00022212565030836515
aichi2017IW1_177_201912242137,0.000207105734991517
aichi2017IW1_178_201912242137,0.000207105734991517
aichi2017IW1_179_201912242137,7.055396817993352e-05
aichi2017IW1_180_201912242137,1.2359620122879297e-07
aichi2017IW1_181_201912242137,0.00010632953420099383
aichi2017IW1_182_201912242137,0.00018456898224542576
aichi2017IW1_183_201912242137,0.0001836214660636913
aichi2017IW1_184_201912242137,0.00013065021739856224
aichi2017IW1_185_201912242137,0.00018036313992798978
aichi2017IW1_186_201912242137,5.192272387093878e-05
aichi2017IW1_187_201912242137,1.3055801728114604e-07
aichi2017IW1_188_201912242137,5.1922723870938785e-05
aichi2017IW1_189_201912242137,8.621587950888544e-05
aichi2017IW1_190_201912242137,0.00018438375951894745
aichi2017IW1_191_201912242137,5.1922723870938785e-05
aichi2017IW1_192_201912242137,1.0576248118923104e-07
aichi2017IW1_193_201912242137,0.00013029632548376376
aichi2017IW1_194_201912242137,2.2596191664549983e-05
aichi2017IW1_195_201912242137,1.0728836002726894e-07
aichi2017IW1_196_201912242137,3.446519872242925e-06
aichi2017IW1_197_201912242137,1.1707224112071006e-06
aichi2017IW1_198_201912242137,4.7683715251878314e-08
aichi2017IW1_199_201912242137,8.106231575766289e-09
aichi2017IW1_200_201912242137,1.8575572073592305e-05
aichi2017IW1_201_201912242137,8.106231575766289e-09
aichi2017IW1_202_201912242137,2.1457673824443225e-08
aichi2018IW1_0_201912242137,0.0
aichi2018IW1_1_201912242137,0.0
aichi2018IW1_2_201912242137,0.0
aichi2018IW1_3_201912242137,8.330836820476111e-05
aichi2018IW1_4_201912242137,8.330836820476111e-05
aichi2018IW1_5_201912242137,8.330836820476111e-05
aichi2018IW1_6_201912242137,8.330836820476111e-05
aichi2018IW1_7_201912242137,5.05447367231682e-08
aichi2018IW1_8_201912242137,2.0187737079717826e-05
aichi2018IW1_9_201912242137,2.0187737079717826e-05
aichi2018IW1_10_201912242137,0.0
aichi2018IW1_11_201912242137,2.023220569876028e-05
aichi2018IW1_12_201912242137,3.64303579331704e-08
aichi2018IW1_13_201912242137,5.343657614829155e-05
aichi2018IW1_14_201912242137,0.00014308361687897386
aichi2018IW1_15_201912242137,3.64303579331704e-08
aichi2018IW1_16_201912242137,0.0002200350815903825
aichi2018IW1_17_201912242137,1.3904581439217673e-05
aichi2018IW1_18_201912242137,6.805850510739949e-05
aichi2018IW1_19_201912242137,0.00032424386249728273
aichi2018IW1_20_201912242137,0.0001573175714033652
aichi2018IW1_21_201912242137,0.0003319288249500997
aichi2018IW1_22_201912242137,0.0003980738779764849
aichi2018IW1_23_201912242137,9.831180862153094e-05
aichi2018IW1_24_201912242137,0.00013005242410599167
aichi2018IW1_25_201912242137,3.128861373754996e-05
aichi2018IW1_26_201912242137,0.0004790809048791872
aichi2018IW1_27_201912242137,7.599495224691799e-05
aichi2018IW1_28_201912242137,0.00022672320884089536
aichi2018IW1_29_201912242137,4.683207431307695e-05
aichi2018IW1_30_201912242137,0.00035738174868592807
aichi2018IW1_31_201912242137,0.0006713446398687675
aichi2018IW1_32_201912242137,0.0002843608521526738
aichi2018IW1_33_201912242137,0.00020642238626080274
aichi2018IW1_34_201912242137,0.0008682396392303664
aichi2018IW1_35_201912242137,4.165364450326468e-05
aichi2018IW1_36_201912242137,0.0003901135386302966
aichi2018IW1_37_201912242137,5.40296223907007e-05
aichi2018IW1_38_201912242137,9.546470920761605e-05
aichi2018IW1_39_201912242137,0.0007730154281836595
aichi2018IW1_40_201912242137,5.906446143657938e-05
aichi2018IW1_41_201912242137,0.0004104198032464745
aichi2018IW1_42_201912242137,0.0006879483105124852
aichi2018IW1_43_201912242137,0.00024269959452776494
aichi2018IW1_44_201912242137,0.00020223910714687243
aichi2018IW1_45_201912242137,0.0005761204288220607
aichi2018IW1_46_201912242137,4.119721450095586e-05
aichi2018IW1_47_201912242137,0.0005081917241559198
aichi2018IW1_48_201912242137,0.0005533979957025267
aichi2018IW1_49_201912242137,1.7783744075182662e-05
aichi2018IW1_50_201912242137,0.00023575032918400174
aichi2018IW1_51_201912242137,1.7783744075182662e-05
aichi2018IW1_52_201912242137,5.600210330250435e-05
aichi2018IW1_53_201912242137,0.0002357503291840018
aichi2018IW1_54_201912242137,0.00042405533032299336
aichi2018IW1_55_201912242137,0.0008352889946555546
aichi2018IW1_56_201912242137,0.0008864966792241885
aichi2018IW1_57_201912242137,0.001073406573018477
aichi2018IW1_58_201912242137,0.0008864966792241885
aichi2018IW1_59_201912242137,0.00073312342954966
aichi2018IW1_60_201912242137,0.00025626007150330503
aichi2018IW1_61_201912242137,0.00023014645681313254
aichi2018IW1_62_201912242137,0.00018367224674317186
aichi2018IW1_63_201912242137,0.000890395183899248
aichi2018IW1_64_201912242137,0.0002460963477439308
aichi2018IW1_65_201912242137,0.00020520484476596943
aichi2018IW1_66_201912242137,0.0002587011288395891
aichi2018IW1_67_201912242137,7.751316823101475e-06
aichi2018IW1_68_201912242137,0.000507772502075434
aichi2018IW1_69_201912242137,0.00027922483779138223
aichi2018IW1_70_201912242137,0.00011874343026381771
aichi2018IW1_71_201912242137,0.0002926275246271431
aichi2018IW1_72_201912242137,0.00013232023502910843
aichi2018IW1_73_201912242137,0.0009488573859793401
aichi2018IW1_74_201912242137,0.000958023223170575
aichi2018IW1_75_201912242137,0.0008178649731279114
aichi2018IW1_76_201912242137,0.0005020063280579009
aichi2018IW1_77_201912242137,0.00011458361072644329
aichi2018IW1_78_201912242137,0.00030190941051014134
aichi2018IW1_79_201912242137,0.0005446411734878621
aichi2018IW1_80_201912242137,0.0003957976073393723
aichi2018IW1_81_201912242137,0.0004589924409762525
aichi2018IW1_82_201912242137,0.00038813907621730267
aichi2018IW1_83_201912242137,0.0004920892325006284
aichi2018IW1_84_201912242137,0.0005100520809350388
aichi2018IW1_85_201912242137,0.0006222014587061779
aichi2018IW1_86_201912242137,5.480888755211066e-05
aichi2018IW1_87_201912242137,0.000550972862664965
aichi2018IW1_88_201912242137,1.0169929997086855e-05
aichi2018IW1_89_201912242137,0.0006023990473658684
aichi2018IW1_90_201912242137,0.0006601050266076651
aichi2018IW1_91_201912242137,0.000648758027433368
aichi2018IW1_92_201912242137,0.00033694547565330587
aichi2018IW1_93_201912242137,0.0007209248017428639
aichi2018IW1_94_201912242137,5.10896939719909e-05
aichi2018IW1_95_201912242137,0.0005312579876883662
aichi2018IW1_96_201912242137,0.0003809399053122723
aichi2018IW1_97_201912242137,1.8672183793357036e-05
aichi2018IW1_98_201912242137,0.0006016915532053976
aichi2018IW1_99_201912242137,0.0004926799870735383
aichi2018IW1_100_201912242137,0.0004926799870735383
aichi2018IW1_101_201912242137,0.00023676909644618509
aichi2018IW1_102_201912242137,0.00023384859558321847
aichi2018IW1_103_201912242137,4.9068415845068895e-05
aichi2018IW1_104_201912242137,0.0002493156957832778
aichi2018IW1_105_201912242137,4.158668609598025e-05
aichi2018IW1_106_201912242137,0.00021885224067068904
aichi2018IW1_107_201912242137,0.0002691773524403448
aichi2018IW1_108_201912242137,0.0005884316380018024
aichi2018IW1_109_201912242137,0.00021227911209767818
aichi2018IW1_110_201912242137,3.282541512307172e-05
aichi2018IW1_111_201912242137,0.00023415571909872964
aichi2018IW1_112_201912242137,0.0005185620954996442
aichi2018IW1_113_201912242137,3.2821695793581635e-05
aichi2018IW1_114_201912242137,0.0005018721769206045
aichi2018IW1_115_201912242137,0.00047486451167007786
aichi2018IW1_116_201912242137,0.00013579754679704672
aichi2018IW1_117_201912242137,6.440873038108296e-05
aichi2018IW1_118_201912242137,1.4852381012974024e-05
aichi2018IW1_119_201912242137,0.00032103335314154116
aichi2018IW1_120_201912242137,6.87833231208712e-05
aichi2018IW1_121_201912242137,0.0002397967153546989
aichi2018IW1_122_201912242137,1.4852381012974024e-05
aichi2018IW1_123_201912242137,0.0003578758996222816
aichi2018IW1_124_201912242137,0.0001270342068199828
aichi2018IW1_125_201912242137,0.00028888389415124966
aichi2018IW1_126_201912242137,0.00016693524961069466
aichi2018IW1_127_201912242137,0.00011974544361988558
aichi2018IW1_128_201912242137,7.006561943195621e-05
aichi2018IW1_129_201912242137,1.4849996827111953e-05
aichi2018IW1_130_201912242137,0.0001909741932991011
aichi2018IW1_131_201912242137,5.487448018888151e-05
aichi2018IW1_132_201912242137,0.00010760483948163481
aichi2018IW1_133_201912242137,0.00010750770285516746
aichi2018IW1_134_201912242137,0.00020263316730485302
aichi2018IW1_135_201912242137,1.4815569185153709e-05
aichi2018IW1_136_201912242137,0.00014385306060232922
aichi2018IW1_137_201912242137,9.458026223486111e-05
aichi2018IW1_138_201912242137,0.00010750770285516747
aichi2018IW1_139_201912242137,1.4834642671339723e-05
aichi2018IW1_140_201912242137,9.801308471915899e-05
aichi2018IW1_141_201912242137,6.636470994688583e-05
aichi2018IW1_142_201912242137,3.634358225644438e-05
aichi2018IW1_143_201912242137,0.00010760483948163481
aichi2018IW1_144_201912242137,0.0001636013825386398
aichi2018IW1_145_201912242137,4.670866924328882e-05
aichi2018IW1_146_201912242137,0.0001636013825386398
aichi2018IW1_147_201912242137,1.4734269160499044e-07
aichi2018IW1_148_201912242137,1.4734269160499044e-07
aichi2018IW1_149_201912242137,1.4734269160499044e-07
aichi2018IW1_150_201912242137,9.263311545688768e-05
aichi2018IW1_151_201912242137,0.00012460988243902886
aichi2018IW1_152_201912242137,1.0366920053653386e-05
aichi2018IW1_153_201912242137,0.00012546819816146749
aichi2018IW1_154_201912242137,7.406980013214016e-05
aichi2018IW1_155_201912242137,4.216657852520119e-05
aichi2018IW1_156_201912242137,5.769729607152393e-07
aichi2018IW1_157_201912242137,1.3653152116834014e-05
aichi2018IW1_158_201912242137,4.216657852520119e-05
aichi2018IW1_159_201912242137,3.71714718129041e-05
aichi2018IW1_160_201912242137,0.00012564767965631004
aichi2018IW1_161_201912242137,7.029533274135256e-07
aichi2018IW1_162_201912242137,2.1423509266012923e-05
aichi2018IW1_163_201912242137,6.121408842211279e-05
aichi2018IW1_164_201912242137,8.447618778664452e-06
aichi2018IW1_165_201912242137,2.9618791157439156e-05
aichi2018IW1_166_201912242137,6.648063536204072e-07
aichi2018IW1_167_201912242137,1.3653509562410765e-05
aichi2018IW1_168_201912242137,5.3525432413894066e-05
aichi2018IW1_169_201912242137,8.324022577435659e-06
aichi2018IW1_170_201912242137,0.0096309355035834
aichi2018IW1_171_201912242137,6.511531651185549e-05
aichi2018IW1_172_201912242137,8.212245505236398e-05
aichi2018IW1_173_201912242137,6.373514428285133e-05
aichi2018IW1_174_201912242137,0.009637333717197093
aichi2018IW1_175_201912242137,0.00017592068789454955
aichi2018IW1_176_201912242137,2.0715673770581646e-05
aichi2018IW1_177_201912242137,1.5582144900170117e-05
aichi2018IW1_178_201912242137,1.5582144900170117e-05
aichi2018IW1_179_201912242137,0.00017973286918986805
aichi2018IW1_180_201912242137,1.10244753295774e-07
aichi2018IW1_181_201912242137,4.1182981438229914e-05
aichi2018IW1_182_201912242137,3.2121735011014176e-05
aichi2018IW1_183_201912242137,0.00018075279442966575
aichi2018IW1_184_201912242137,4.225060484778878e-05
aichi2018IW1_185_201912242137,8.485803563914244e-05
aichi2018IW1_186_201912242137,5.459349931202987e-05
aichi2018IW1_187_201912242137,1.6822813890939886e-07
aichi2018IW1_188_201912242137,5.459349931202987e-05
aichi2018IW1_189_201912242137,6.61045363816825e-05
aichi2018IW1_190_201912242137,6.785747272879689e-05
aichi2018IW1_191_201912242137,5.459349931202987e-05
aichi2018IW1_192_201912242137,6.214142339558758e-07
aichi2018IW1_193_201912242137,3.929047346804541e-05
aichi2018IW1_194_201912242137,2.6398828687649965e-05
aichi2018IW1_195_201912242137,1.0623932471389718e-06
aichi2018IW1_196_201912242137,4.312285607117084e-06
aichi2018IW1_197_201912242137,2.604214353077569e-05
aichi2018IW1_198_201912242137,7.843017943741876e-07
aichi2018IW1_199_201912242137,4.677772330978771e-07
aichi2018IW1_200_201912242137,2.490180442498766e-06
aichi2018IW1_201_201912242137,4.677772330978771e-07
aichi2018IW1_202_201912242137,2.0179749267299492e-07
gifu2016IW1_0_201912242137,0.00015526961700474686
gifu2016IW1_1_201912242137,0.00017713441716150764
gifu2016IW1_2_201912242137,0.00038317129985445384
gifu2016IW1_3_201912242137,0.00038317129985445384
gifu2016IW1_4_201912242137,0.000268767066803293
gifu2016IW1_5_201912242137,0.0002469022666465322
gifu2016IW1_6_201912242137,0.00010658609939852042
gifu2016IW1_7_201912242137,0.00010959301303016829
gifu2016IW1_8_201912242137,0.00018081585813322005
gifu2016IW1_9_201912242137,0.00011522993679208343
gifu2016IW1_10_201912242137,0.00018009845459037187
gifu2016IW1_11_201912242137,0.00010959301303016829
gifu2016IW1_12_201912242137,0.00018009845459037187
gifu2016IW1_13_201912242137,3.449636826226827e-05
gifu2016IW1_14_201912242137,2.183727372512585e-05
gifu2016IW1_15_201912242137,6.387155117042582e-06
gifu2016IW1_16_201912242137,6.768387022601556e-06
gifu2016IW1_17_201912242137,1.0405479666278138e-06
gifu2016IW1_18_201912242137,6.626446272166812e-06
gifu2016IW1_19_201912242137,1.1858483302582756e-05
gifu2016IW1_20_201912242137,0.0002268690546981673
gifu2016IW1_21_201912242137,0.0002268690546981673
gifu2016IW1_22_201912242137,0.0002373896978489981
gifu2016IW1_23_201912242137,4.558746720494905e-06
gifu2016IW1_24_201912242137,1.3302847092206071e-05
gifu2016IW1_25_201912242137,7.831595025030688e-05
gifu2016IW1_26_201912242137,4.486816158172237e-07
gifu2016IW1_27_201912242137,1.0969284809732874e-05
gifu2016IW1_28_201912242137,0.00022722730566407956
gifu2016IW1_29_201912242137,0.00020333302602054643
gifu2016IW1_30_201912242137,6.248775923047942e-05
gifu2016IW1_31_201912242137,0.00023683581996333773
gifu2016IW1_32_201912242137,4.486816158172237e-07
gifu2016IW1_33_201912242137,0.00013243231739608116
gifu2016IW1_34_201912242137,6.203911757157737e-05
gifu2016IW1_35_201912242137,6.203911757157737e-05
gifu2016IW1_36_201912242137,5.2137691330600276e-05
gifu2016IW1_37_201912242137,0.0001345744205327004
gifu2016IW1_38_201912242137,0.00013098824652642301
gifu2016IW1_39_201912242137,6.217890468960636e-05
gifu2016IW1_40_201912242137,5.3664820416637925e-05
gifu2016IW1_41_201912242137,6.217890468960636e-05
gifu2016IW1_42_201912242137,4.929246124806564e-06
gifu2016IW1_43_201912242137,4.718069412594408e-05
gifu2016IW1_44_201912242137,2.679632817827496e-05
gifu2016IW1_45_201912242137,2.679632817827496e-05
gifu2016IW1_46_201912242137,2.7427938400646074e-06
gifu2016IW1_47_201912242137,2.7427938400646074e-06
gifu2017IW1_0_201912242137,0.0002534503805297944
gifu2017IW1_1_201912242137,0.00047984275970009056
gifu2017IW1_2_201912242137,0.0004515159996733265
gifu2017IW1_3_201912242137,0.0004515159996733265
gifu2017IW1_4_201912242137,0.0002965720455658424
gifu2017IW1_5_201912242137,7.017966639554626e-05
gifu2017IW1_6_201912242137,0.0001493801971016497
gifu2017IW1_7_201912242137,0.000254964173731837
gifu2017IW1_8_201912242137,0.0003061824156387973
gifu2017IW1_9_201912242137,0.00015235332154042136
gifu2017IW1_10_201912242137,9.91536079476692e-05
gifu2017IW1_11_201912242137,0.000254964173731837
gifu2017IW1_12_201912242137,9.915360794766918e-05
gifu2017IW1_13_201912242137,0.0001588180532576129
gifu2017IW1_14_201912242137,4.222803309347724e-05
gifu2017IW1_15_201912242137,4.8223210963456396e-05
gifu2017IW1_16_201912242137,4.836701012871358e-05
gifu2017IW1_17_201912242137,1.9081389362656397e-05
gifu2017IW1_18_201912242137,5.7512288915860705e-06
gifu2017IW1_19_201912242137,0.00011895984525140507
gifu2017IW1_20_201912242137,0.00011582852804917733
gifu2017IW1_21_201912242137,0.00011582852804917733
gifu2017IW1_22_201912242137,0.00011605714176043319
gifu2017IW1_23_201912242137,0.00011167682705254416
gifu2017IW1_24_201912242137,3.272138082186772e-05
gifu2017IW1_25_201912242137,2.764182847319556e-05
gifu2017IW1_26_201912242137,0.00020938218774003785
gifu2017IW1_27_201912242137,4.110564595535975e-05
gifu2017IW1_28_201912242137,0.00011684706904163581
gifu2017IW1_29_201912242137,8.148796135835035e-05
gifu2017IW1_30_201912242137,0.00022924994440389547
gifu2017IW1_31_201912242137,3.096875309110165e-05
gifu2017IW1_32_201912242137,0.00020938218774003785
gifu2017IW1_33_201912242137,0.00012237953416786087
gifu2017IW1_34_201912242137,0.00018837291215979157
gifu2017IW1_35_201912242137,0.0002389646737813417
gifu2017IW1_36_201912242137,3.771731339210005e-05
gifu2017IW1_37_201912242137,0.00010582740453107878
gifu2017IW1_38_201912242137,0.00010559349405545685
gifu2017IW1_39_201912242137,3.1785844745229206e-05
gifu2017IW1_40_201912242137,4.2121378325482655e-05
gifu2017IW1_41_201912242137,3.1785844745229206e-05
gifu2017IW1_42_201912242137,2.603969028750149e-05
gifu2017IW1_43_201912242137,7.776439875408563e-06
gifu2017IW1_44_201912242137,1.7777612440933023e-05
gifu2017IW1_45_201912242137,1.7777612440933023e-05
gifu2017IW1_46_201912242137,0.00017428927314678145
gifu2017IW1_47_201912242137,0.00017428927314678145
gifu2018IW1_0_201912242137,0.000222249448074414
gifu2018IW1_1_201912242137,0.00032823738244294433
gifu2018IW1_2_201912242137,0.0001966972080903681
gifu2018IW1_3_201912242137,0.0001966972080903681
gifu2018IW1_4_201912242137,0.00014607130881330376
gifu2018IW1_5_201912242137,4.008337444477341e-05
gifu2018IW1_6_201912242137,0.0
gifu2018IW1_7_201912242137,6.623028978392416e-05
gifu2018IW1_8_201912242137,0.00017126770438272233
gifu2018IW1_9_201912242137,3.5590496296525106e-05
gifu2018IW1_10_201912242137,0.00010915021944437932
gifu2018IW1_11_201912242137,6.623028978392416e-05
gifu2018IW1_12_201912242137,0.00010915021944437932
gifu2018IW1_13_201912242137,0.00010697885729946015
gifu2018IW1_14_201912242137,0.00010697885729946015
gifu2018IW1_15_201912242137,5.441851616843193e-05
gifu2018IW1_16_201912242137,0.00018202131517730817
gifu2018IW1_17_201912242137,6.549096855445485e-06
gifu2018IW1_18_201912242137,0.00015627271210392904
gifu2018IW1_19_201912242137,0.00013168925331762105
gifu2018IW1_20_201912242137,6.0730525972624744e-05
gifu2018IW1_21_201912242137,6.0730525972624744e-05
gifu2018IW1_22_201912242137,8.750540634555591e-05
gifu2018IW1_23_201912242137,7.32127921326436e-05
gifu2018IW1_24_201912242137,4.562044557358805e-05
gifu2018IW1_25_201912242137,5.907816309903681e-05
gifu2018IW1_26_201912242137,2.83498860496249e-06
gifu2018IW1_27_201912242137,2.8735839914259462e-05
gifu2018IW1_28_201912242137,8.393149034667542e-05
gifu2018IW1_29_201912242137,6.11911553023414e-05
gifu2018IW1_30_201912242137,3.839263629973617e-05
gifu2018IW1_31_201912242137,4.249905444538986e-05
gifu2018IW1_32_201912242137,2.83498860496249e-06
gifu2018IW1_33_201912242137,7.631571487129977e-05
gifu2018IW1_34_201912242137,3.643167675840788e-05
gifu2018IW1_35_201912242137,3.731902763079932e-05
gifu2018IW1_36_201912242137,3.6046215796403716e-05
gifu2018IW1_37_201912242137,4.5306327443838736e-05
gifu2018IW1_38_201912242137,3.947400083251237e-05
gifu2018IW1_39_201912242137,9.83066278178501e-07
gifu2018IW1_40_201912242137,2.215294814611109e-05
gifu2018IW1_41_201912242137,9.83066278178501e-07
gifu2018IW1_42_201912242137,9.307696723758059e-06
gifu2018IW1_43_201912242137,3.236991483615725e-05
gifu2018IW1_44_201912242137,9.479383333025509e-05
gifu2018IW1_45_201912242137,9.479383333025509e-05
gifu2018IW1_46_201912242137,9.302563113347605e-05
gifu2018IW1_47_201912242137,9.302563113347605e-05
